t,ax,ay,az,vx,vy,vz
0.0,1.0,0.0,0.0,0.0,0.0,0.0
0.01,0.999950000416665,0.0,0.0,0.0009999833334166,0.0,0.0
0.02,0.999800006666577,0.0,0.0,0.0019998666693333,0.0,0.0
0.03,0.999550033748987,0.0,0.0,0.0029995500202495,0.0,0.0
0.04,0.9992001066609769,0.0,0.0,0.0039989334186634,0.0,0.0
0.05,0.9987502603949661,0.0,0.0,0.0049979169270678,0.0,0.0
0.06,0.998200539935204,0.0,0.0,0.0059964006479444,0.0,0.0
0.07,0.997551000253279,0.0,0.0,0.0069942847337532,0.0,0.0
0.08,0.996801706302619,0.0,0.0,0.0079914693969172,0.0,0.0
0.09,0.9959527330119939,0.0,0.0,0.0089878549198011,0.0,0.0
0.1,0.995004165278025,0.0,0.0,0.0099833416646828,0.0,0.0
0.11,0.9939560979566959,0.0,0.0,0.0109778300837174,0.0,0.0
0.12,0.9928086358538659,0.0,0.0,0.0119712207288919,0.0,0.0
0.13,0.991561893714788,0.0,0.0,0.0129634142619694,0.0,0.0
0.14,0.9902159962126369,0.0,0.0,0.0139543114644236,0.0,0.0
0.15,0.988771077936042,0.0,0.0,0.0149438132473599,0.0,0.0
0.16,0.9872272833756269,0.0,0.0,0.0159318206614246,0.0,0.0
0.17,0.9855847669095601,0.0,0.0,0.0169182349066996,0.0,0.0
0.18,0.983843692788121,0.0,0.0,0.0179029573425824,0.0,0.0
0.19,0.98200423511727,0.0,0.0,0.01888588949765,0.0,0.0
0.2,0.980066577841241,0.0,0.0,0.0198669330795061,0.0,0.0
0.21,0.9780309147241479,0.0,0.0,0.0208459899846099,0.0,0.0
0.22,0.975897449330605,0.0,0.0,0.0218229623080869,0.0,0.0
0.23,0.9736663950053739,0.0,0.0,0.0227977523535188,0.0,0.0
0.24,0.971337974852029,0.0,0.0,0.0237702626427134,0.0,0.0
0.25,0.968912421710644,0.0,0.0,0.0247403959254522,0.0,0.0
0.26,0.966389978134513,0.0,0.0,0.0257080551892155,0.0,0.0
0.27,0.96377089636589,0.0,0.0,0.0266731436688831,0.0,0.0
0.28,0.961055438310771,0.0,0.0,0.0276355648564113,0.0,0.0
0.29,0.958243875512697,0.0,0.0,0.0285952225104835,0.0,0.0
0.3,0.955336489125606,0.0,0.0,0.0295520206661339,0.0,0.0
0.31,0.9523335698857129,0.0,0.0,0.0305058636443443,0.0,0.0
0.32,0.94923541808244,0.0,0.0,0.0314566560616117,0.0,0.0
0.33,0.946042343528387,0.0,0.0,0.0324043028394868,0.0,0.0
0.34,0.942754665528346,0.0,0.0,0.0333487092140814,0.0,0.0
0.35,0.9393727128473781,0.0,0.0,0.0342897807455451,0.0,0.0
0.36,0.935896823677934,0.0,0.0,0.0352274233275089,0.0,0.0
0.37,0.9323273456060339,0.0,0.0,0.0361615431964962,0.0,0.0
0.38,0.92866463557651,0.0,0.0,0.0370920469412982,0.0,0.0
0.39,0.924909059857313,0.0,0.0,0.0380188415123161,0.0,0.0
0.4,0.9210609940028849,0.0,0.0,0.038941834230865,0.0,0.0
0.41,0.917120822816605,0.0,0.0,0.0398609327984423,0.0,0.0
0.42,0.9130889403123079,0.0,0.0,0.040776045305957,0.0,0.0
0.43,0.908965749674885,0.0,0.0,0.041687080242921,0.0,0.0
0.44,0.904751663219963,0.0,0.0,0.0425939465065999,0.0,0.0
0.45,0.900447102352677,0.0,0.0,0.043496553411123,0.0,0.0
0.46,0.8960524975255251,0.0,0.0,0.0443948106965519,0.0,0.0
0.47,0.891568288195329,0.0,0.0,0.0452886285379068,0.0,0.0
0.48,0.8869949227792839,0.0,0.0,0.0461779175541482,0.0,0.0
0.49,0.882332858610121,0.0,0.0,0.0470625888171158,0.0,0.0
0.5,0.877582561890372,0.0,0.0,0.0479425538604203,0.0,0.0
0.51,0.872744507645751,0.0,0.0,0.0488177246882907,0.0,0.0
0.52,0.86781917967765,0.0,0.0,0.0496880137843736,0.0,0.0
0.53,0.862807070514761,0.0,0.0,0.0505533341204847,0.0,0.0
0.54,0.857708681363824,0.0,0.0,0.0514135991653113,0.0,0.0
0.55,0.852524522059505,0.0,0.0,0.0522687228930659,0.0,0.0
0.56,0.8472551110134161,0.0,0.0,0.0531186197920883,0.0,0.0
0.5700000000000001,0.841900975162268,0.0,0.0,0.0539632048733969,0.0,0.0
0.58,0.836462649915187,0.0,0.0,0.0548023936791873,0.0,0.0
0.59,0.830940679100163,0.0,0.0,0.0556361022912783,0.0,0.0
0.6,0.825335614909678,0.0,0.0,0.0564642473395035,0.0,0.0
0.61,0.819648017845479,0.0,0.0,0.0572867460100481,0.0,0.0
0.62,0.813878456662534,0.0,0.0,0.0581035160537305,0.0,0.0
0.63,0.8080275083121511,0.0,0.0,0.0589144757942269,0.0,0.0
0.64,0.802095757884292,0.0,0.0,0.0597195441362392,0.0,0.0
0.65,0.796083798549056,0.0,0.0,0.0605186405736039,0.0,0.0
0.66,0.789992231497365,0.0,0.0,0.0613116851973433,0.0,0.0
0.67,0.783821665880849,0.0,0.0,0.0620985987036559,0.0,0.0
0.68,0.7775727187509269,0.0,0.0,0.0628793024018468,0.0,0.0
0.6900000000000001,0.7712460149971059,0.0,0.0,0.0636537182221968,0.0,0.0
0.7000000000000001,0.7648421872844879,0.0,0.0,0.0644217687237691,0.0,0.0
0.71,0.758361875990508,0.0,0.0,0.0651833771021536,0.0,0.0
0.72,0.751805729140895,0.0,0.0,0.0659384671971473,0.0,0.0
0.73,0.7451744023448701,0.0,0.0,0.0666869635003697,0.0,0.0
0.74,0.7384685587295869,0.0,0.0,0.0674287911628145,0.0,0.0
0.75,0.73168886887382,0.0,0.0,0.0681638760023334,0.0,0.0
0.76,0.7248360107409051,0.0,0.0,0.0688921445110551,0.0,0.0
0.77,0.717910669610943,0.0,0.0,0.0696135238627356,0.0,0.0
0.78,0.7109135380122771,0.0,0.0,0.070327941920041,0.0,0.0
0.79,0.7038453156522361,0.0,0.0,0.0710353272417607,0.0,0.0
0.8,0.696706709347165,0.0,0.0,0.0717356090899522,0.0,0.0
0.81,0.6894984329517471,0.0,0.0,0.0724287174370142,0.0,0.0
0.8200000000000001,0.682221207287613,0.0,0.0,0.0731145829726895,0.0,0.0
0.8300000000000001,0.6748757600712669,0.0,0.0,0.0737931371109962,0.0,0.0
0.84,0.667462825841308,0.0,0.0,0.0744643119970859,0.0,0.0
0.85,0.659983145884982,0.0,0.0,0.0751280405140292,0.0,0.0
0.86,0.652437468164052,0.0,0.0,0.0757842562895277,0.0,0.0
0.87,0.644826547240001,0.0,0.0,0.0764328937025505,0.0,0.0
0.88,0.63715114419858,0.0,0.0,0.0770738878898969,0.0,0.0
0.89,0.629412026573696,0.0,0.0,0.0777071747526823,0.0,0.0
0.9,0.621609968270664,0.0,0.0,0.0783326909627483,0.0,0.0
0.91,0.613745749488811,0.0,0.0,0.078950373968995,0.0,0.0
0.92,0.605820156643462,0.0,0.0,0.0795601620036366,0.0,0.0
0.93,0.597833982287298,0.0,0.0,0.0801619940883777,0.0,0.0
0.94,0.5897880250310981,0.0,0.0,0.0807558100405114,0.0,0.0
0.95,0.581683089463883,0.0,0.0,0.0813415504789373,0.0,0.0
0.96,0.573519986072456,0.0,0.0,0.0819191568300998,0.0,0.0
0.97,0.5652995311603539,0.0,0.0,0.082488571333845,0.0,0.0
0.98,0.557022546766217,0.0,0.0,0.083049737049197,0.0,0.0
0.99,0.548689860581587,0.0,0.0,0.083602597860052,0.0,0.0
1.0,0.540302305868139,0.0,0.0,0.0841470984807896,0.0,0.0
1.01,0.531860721374355,0.0,0.0,0.0846831844618015,0.0,0.0
1.02,0.523365951251649,0.0,0.0,0.0852108021949363,0.0,0.0
1.03,0.514818844969955,0.0,0.0,0.0857298989188603,0.0,0.0
1.04,0.506220257232778,0.0,0.0,0.0862404227243338,0.0,0.0
1.05,0.497571047891726,0.0,0.0,0.0867423225594017,0.0,0.0
1.06,0.488872081860527,0.0,0.0,0.0872355482344986,0.0,0.0
1.07,0.480124229028534,0.0,0.0,0.0877200504274681,0.0,0.0
1.08,0.47132836417374,0.0,0.0,0.0881957806884947,0.0,0.0
1.09,0.46248536687529995,0.0,0.0,0.0886626914449487,0.0,0.0
1.1,0.45359612142557704,0.0,0.0,0.0891207360061435,0.0,0.0
1.11,0.44466151674170595,0.0,0.0,0.0895698685680047,0.0,0.0
1.12,0.435682446276712,0.0,0.0,0.0900100442176505,0.0,0.0
1.13,0.426659807930157,0.0,0.0,0.0904412189378826,0.0,0.0
1.14,0.41759450395835795,0.0,0.0,0.0908633496115883,0.0,0.0
1.15,0.408487440884157,0.0,0.0,0.0912763940260521,0.0,0.0
1.16,0.399339529406273,0.0,0.0,0.0916803108771767,0.0,0.0
1.17,0.39015168430823,0.0,0.0,0.0920750597736135,0.0,0.0
1.18,0.380924824366881,0.0,0.0,0.092460601240802,0.0,0.0
1.19,0.371659872260533,0.0,0.0,0.0928368967249166,0.0,0.0
1.2,0.36235775447667296,0.0,0.0,0.0932039085967226,0.0,0.0
1.21,0.35301940121933,0.0,0.0,0.0935616001553386,0.0,0.0
1.22,0.343645746316047,0.0,0.0,0.0939099356319067,0.0,0.0
1.23,0.334237727124502,0.0,0.0,0.0942488801931697,0.0,0.0
1.24,0.32479628443877595,0.0,0.0,0.0945783999449539,0.0,0.0
1.25,0.315322362395268,0.0,0.0,0.0948984619355586,0.0,0.0
1.26,0.305816908378289,0.0,0.0,0.0952090341590515,0.0,0.0
1.27,0.296280872925318,0.0,0.0,0.0955100855584692,0.0,0.0
1.28,0.286715209631955,0.0,0.0,0.0958015860289225,0.0,0.0
1.29,0.277120875056557,0.0,0.0,0.0960835064206072,0.0,0.0
1.3,0.267498828624587,0.0,0.0,0.0963558185417193,0.0,0.0
1.31,0.257850032532669,0.0,0.0,0.0966184951612734,0.0,0.0
1.32,0.24817545165237198,0.0,0.0,0.0968715100118265,0.0,0.0
1.33,0.238476053433723,0.0,0.0,0.0971148377921044,0.0,0.0
1.34,0.228752807808459,0.0,0.0,0.0973484541695319,0.0,0.0
1.35,0.219006687093041,0.0,0.0,0.0975723357826659,0.0,0.0
1.36,0.209238665891419,0.0,0.0,0.0977864602435316,0.0,0.0
1.37,0.19944972099757202,0.0,0.0,0.0979908061398614,0.0,0.0
1.38,0.189640831297834,0.0,0.0,0.0981853530372359,0.0,0.0
1.39,0.179812977672999,0.0,0.0,0.0983700814811276,0.0,0.0
1.4,0.16996714290024,0.0,0.0,0.098544972998846,0.0,0.0
1.41,0.160104311554831,0.0,0.0,0.098710010101385,0.0,0.0
1.42,0.150225469911685,0.0,0.0,0.0988651762851719,0.0,0.0
1.43,0.140331605846736,0.0,0.0,0.0990104560337177,0.0,0.0
1.44,0.130423708738145,0.0,0.0,0.0991458348191686,0.0,0.0
1.45,0.12050276936736601,0.0,0.0,0.0992712991037588,0.0,0.0
1.46,0.110569779820069,0.0,0.0,0.0993868363411644,0.0,0.0
1.47,0.100625733386931,0.0,0.0,0.0994924349777581,0.0,0.0
1.48,0.09067162446430899,0.0,0.0,0.099588084453764,0.0,0.0
1.49,0.08070844845479999,0.0,0.0,0.0996737752043143,0.0,0.0
1.5,0.07073720166770199,0.0,0.0,0.0997494986604054,0.0,0.0
1.51,0.060758881219385,0.0,0.0,0.0998152472497548,0.0,0.0
1.52,0.050774484933579,0.0,0.0,0.0998710143975583,0.0,0.0
1.53,0.04078501124159099,0.0,0.0,0.0999167945271476,0.0,0.0
1.54,0.030791459082466,0.0,0.0,0.0999525830605479,0.0,0.0
1.55,0.020794827803092,0.0,0.0,0.0999783764189357,0.0,0.0
1.56,0.010796117058267002,0.0,0.0,0.0999941720229966,0.0,0.0
1.57,0.0007963267107332635,0.0,0.0,0.0999999682931834,0.0,0.0
1.58,-0.009203543268808,0.0,0.0,0.099995764649874,0.0,0.0
1.59,-0.019202492901692,0.0,0.0,0.099981561513429,0.0,0.0
1.6,-0.029199522301288,0.0,0.0,0.0999573603041505,0.0,0.0
1.61,-0.039193631772987,0.0,0.0,0.099923163442139,0.0,0.0
1.62,-0.04918382191417,0.0,0.0,0.0998789743470524,0.0,0.0
1.63,-0.059169093714148,0.0,0.0,0.0998247974377632,0.0,0.0
1.64,-0.069148448654062,0.0,0.0,0.0997606381319173,0.0,0.0
1.65,-0.079120888806734,0.0,0.0,0.0996865028453918,0.0,0.0
1.66,-0.089085416936459,0.0,0.0,0.0996023989916536,0.0,0.0
1.67,-0.099041036598728,0.0,0.0,0.099508334981018,0.0,0.0
1.68,-0.108986752239871,0.0,0.0,0.0994043202198076,0.0,0.0
1.69,-0.11892156929661199,0.0,0.0,0.0992903651094118,0.0,0.0
1.7,-0.128844494295524,0.0,0.0,0.0991664810452468,0.0,0.0
1.71,-0.138754534952377,0.0,0.0,0.0990326804156158,0.0,0.0
1.72,-0.14865070027136298,0.0,0.0,0.0988889766004701,0.0,0.0
1.73,-0.158532000644197,0.0,0.0,0.0987353839700716,0.0,0.0
1.74,-0.168397447949077,0.0,0.0,0.0985719178835553,0.0,0.0
1.75,-0.17824605564949197,0.0,0.0,0.0983985946873937,0.0,0.0
1.76,-0.18807683889288,0.0,0.0,0.0982154317137618,0.0,0.0
1.77,-0.197888814609109,0.0,0.0,0.0980224472788045,0.0,0.0
1.78,-0.207681001608783,0.0,0.0,0.0978196606808044,0.0,0.0
1.79,-0.217452420681364,0.0,0.0,0.0976070921982524,0.0,0.0
1.8,-0.227202094693087,0.0,0.0,0.0973847630878195,0.0,0.0
1.81,-0.236929048684674,0.0,0.0,0.0971526955822315,0.0,0.0
1.82,-0.246632309968834,0.0,0.0,0.0969109128880456,0.0,0.0
1.83,-0.256310908227522,0.0,0.0,0.0966594391833297,0.0,0.0
1.84,-0.26596387560898,0.0,0.0,0.0963982996152448,0.0,0.0
1.85,-0.275590246824512,0.0,0.0,0.09612752029753,0.0,0.0
1.86,-0.28518905924502,0.0,0.0,0.0958471283078914,0.0,0.0
1.87,-0.29475935299726097,0.0,0.0,0.0955571516852944,0.0,0.0
1.88,-0.304300171059833,0.0,0.0,0.0952576194271595,0.0,0.0
1.89,-0.31381055935888197,0.0,0.0,0.094948561486463,0.0,0.0
1.9,-0.323289566863503,0.0,0.0,0.0946300087687414,0.0,0.0
1.91,-0.332736245680845,0.0,0.0,0.094301993129001,0.0,0.0
1.92,-0.342149651150898,0.0,0.0,0.0939645473685324,0.0,0.0
1.93,-0.351528841940959,0.0,0.0,0.0936177052316306,0.0,0.0
1.94,-0.360872880139767,0.0,0.0,0.09326150140222,0.0,0.0
1.95,-0.37018083135128604,0.0,0.0,0.0928959715003869,0.0,0.0
1.96,-0.379451764788154,0.0,0.0,0.0925211520788168,0.0,0.0
1.97,-0.388684753364752,0.0,0.0,0.0921370806191395,0.0,0.0
1.98,-0.39787887378991604,0.0,0.0,0.0917437955281809,0.0,0.0
1.99,-0.407033206659265,0.0,0.0,0.0913413361341225,0.0,0.0
2.0,-0.416146836547142,0.0,0.0,0.0909297426825681,0.0,0.0
2.01,-0.425218852098152,0.0,0.0,0.0905090563325201,0.0,0.0
2.02,-0.4342483461183,0.0,0.0,0.0900793191522627,0.0,0.0
2.03,-0.443234415665709,0.0,0.0,0.0896405741151559,0.0,0.0
2.04,-0.452176162140912,0.0,0.0,0.0891928650953379,0.0,0.0
2.05,-0.46107269137671203,0.0,0.0,0.0887362368633375,0.0,0.0
2.06,-0.469923113727602,0.0,0.0,0.0882707350815974,0.0,0.0
2.07,-0.478726544158719,0.0,0.0,0.0877964062999078,0.0,0.0
2.08,-0.487482102334359,0.0,0.0,0.0873132979507516,0.0,0.0
2.09,-0.49618891270599796,0.0,0.0,0.0868214583445612,0.0,0.0
2.1,-0.504846104599857,0.0,0.0,0.0863209366648873,0.0,0.0
2.11,-0.513452812303959,0.0,0.0,0.0858117829634809,0.0,0.0
2.12,-0.522008175154707,0.0,0.0,0.0852940481552876,0.0,0.0
2.13,-0.530511337622944,0.0,0.0,0.084767784013357,0.0,0.0
2.14,-0.5389614493995111,0.0,0.0,0.0842330431636645,0.0,0.0
2.15,-0.547357665480271,0.0,0.0,0.0836898790798497,0.0,0.0
2.16,-0.555699146250612,0.0,0.0,0.0831383460778683,0.0,0.0
2.17,-0.56398505756941,0.0,0.0,0.0825784993105608,0.0,0.0
2.18,-0.572214570852436,0.0,0.0,0.0820103947621374,0.0,0.0
2.19,-0.580386863155222,0.0,0.0,0.0814340892425796,0.0,0.0
2.2,-0.5885011172553449,0.0,0.0,0.080849640381959,0.0,0.0
2.21,-0.5965565217341591,0.0,0.0,0.0802571066246747,0.0,0.0
2.22,-0.604552271057929,0.0,0.0,0.0796565472236086,0.0,0.0
2.23,-0.612487565658385,0.0,0.0,0.0790480222342004,0.0,0.0
2.24,-0.6203616120126789,0.0,0.0,0.0784315925084419,0.0,0.0
2.25,-0.628173622722739,0.0,0.0,0.0778073196887921,0.0,0.0
2.26,-0.6359228165940021,0.0,0.0,0.0771752662020125,0.0,0.0
2.27,-0.64360841871354,0.0,0.0,0.0765354952529253,0.0,0.0
2.28,-0.6512296605275459,0.0,0.0,0.0758880708180921,0.0,0.0
2.29,-0.6587857799181871,0.0,0.0,0.075233057639417,0.0,0.0
2.3000000000000003,-0.666276021279824,0.0,0.0,0.074570521217672,0.0,0.0
2.31,-0.673699635594561,0.0,0.0,0.073900527805947,0.0,0.0
2.32,-0.681055880507152,0.0,0.0,0.0732231444030251,0.0,0.0
2.33,-0.688344020399238,0.0,0.0,0.0725384387466819,0.0,0.0
2.34,-0.695563326462902,0.0,0.0,0.0718464793069126,0.0,0.0
2.35,-0.702713076773554,0.0,0.0,0.0711473352790844,0.0,0.0
2.36,-0.70979255636212,0.0,0.0,0.0704410765770176,0.0,0.0
2.37,-0.716801057286542,0.0,0.0,0.0697277738259937,0.0,0.0
2.38,-0.7237378787025681,0.0,0.0,0.0690074983556936,0.0,0.0
2.39,-0.730602326933837,0.0,0.0,0.0682803221930639,0.0,0.0
2.4,-0.7373937155412449,0.0,0.0,0.0675463180551151,0.0,0.0
2.41,-0.7441113653915921,0.0,0.0,0.0668055593416491,0.0,0.0
2.42,-0.7507546047254909,0.0,0.0,0.06605812012792,0.0,0.0
2.43,-0.757322769224543,0.0,0.0,0.0653040751572264,0.0,0.0
2.44,-0.763815202077774,0.0,0.0,0.064543499833437,0.0,0.0
2.45,-0.7702312540473071,0.0,0.0,0.0637764702134503,0.0,0.0
2.46,-0.776570283533293,0.0,0.0,0.0630030629995892,0.0,0.0
2.47,-0.782831656638065,0.0,0.0,0.0622233555319304,0.0,0.0
2.48,-0.789014747229531,0.0,0.0,0.0614374257805711,0.0,0.0
2.49,-0.7951189370037839,0.0,0.0,0.0606453523378314,0.0,0.0
2.5,-0.801143615546933,0.0,0.0,0.0598472144103956,0.0,0.0
2.51,-0.807088180396146,0.0,0.0,0.0590430918113912,0.0,0.0
2.52,-0.81295203709989,0.0,0.0,0.0582330649524081,0.0,0.0
2.53,-0.818734599277382,0.0,0.0,0.0574172148354572,0.0,0.0
2.54,-0.824435288677222,0.0,0.0,0.0565956230448702,0.0,0.0
2.5500000000000003,-0.8300535352352221,0.0,0.0,0.0557683717391416,0.0,0.0
2.56,-0.835588777131407,0.0,0.0,0.0549355436427126,0.0,0.0
2.57,-0.841040460846201,0.0,0.0,0.0540972220376988,0.0,0.0
2.58,-0.846408041215775,0.0,0.0,0.0532534907555621,0.0,0.0
2.59,-0.851690981486565,0.0,0.0,0.0524044341687276,0.0,0.0
2.6,-0.8568887533689471,0.0,0.0,0.0515501371821464,0.0,0.0
2.61,-0.8620008370900629,0.0,0.0,0.0506906852248053,0.0,0.0
2.62,-0.8670267214458021,0.0,0.0,0.0498261642411838,0.0,0.0
2.63,-0.8719659038519161,0.0,0.0,0.0489566606826599,0.0,0.0
2.64,-0.8768178903942809,0.0,0.0,0.0480822614988648,0.0,0.0
2.65,-0.881582195878286,0.0,0.0,0.0472030541289882,0.0,0.0
2.66,-0.886258343877352,0.0,0.0,0.0463191264930345,0.0,0.0
2.67,-0.8908458667805761,0.0,0.0,0.0454305669830306,0.0,0.0
2.68,-0.8953443058394921,0.0,0.0,0.0445374644541871,0.0,0.0
2.69,-0.899753211213941,0.0,0.0,0.0436399082160126,0.0,0.0
2.7,-0.904072142017061,0.0,0.0,0.0427379880233829,0.0,0.0
2.71,-0.90830066635937,0.0,0.0,0.0418317940675659,0.0,0.0
2.72,-0.912438361391958,0.0,0.0,0.0409214169672017,0.0,0.0
2.73,-0.916484813348769,0.0,0.0,0.0400069477592419,0.0,0.0
2.74,-0.9204396175879801,0.0,0.0,0.0390884778898452,0.0,0.0
2.75,-0.9243023786324631,0.0,0.0,0.0381660992052331,0.0,0.0
2.76,-0.928072710209332,0.0,0.0,0.0372399039425055,0.0,0.0
2.77,-0.931750235288572,0.0,0.0,0.0363099847204168,0.0,0.0
2.78,-0.9353345861207379,0.0,0.0,0.0353764345301142,0.0,0.0
2.79,-0.938825404273736,0.0,0.0,0.034439346725839,0.0,0.0
2.8000000000000003,-0.9422223406686581,0.0,0.0,0.0334988150155904,0.0,0.0
2.81,-0.945525055614696,0.0,0.0,0.032554933451756,0.0,0.0
2.82,-0.948733218843107,0.0,0.0,0.0316077964217053,0.0,0.0
2.83,-0.951846509540242,0.0,0.0,0.0306574986383522,0.0,0.0
2.84,-0.9548646163796259,0.0,0.0,0.0297041351306832,0.0,0.0
2.85,-0.95778723755309,0.0,0.0,0.0287478012342544,0.0,0.0
2.86,-0.960614080800952,0.0,0.0,0.0277885925816586,0.0,0.0
2.87,-0.9633448634412429,0.0,0.0,0.0268266050929617,0.0,0.0
2.88,-0.9659793123979741,0.0,0.0,0.025861934966111,0.0,0.0
2.89,-0.968517164228446,0.0,0.0,0.0248946786673152,0.0,0.0
2.9,-0.97095816514959,0.0,0.0,0.0239249329213982,0.0,0.0
2.91,-0.973302071063348,0.0,0.0,0.0229527947021264,0.0,0.0
2.92,-0.9755486475810821,0.0,0.0,0.0219783612225116,0.0,0.0
2.93,-0.977697670047013,0.0,0.0,0.0210017299250899,0.0,0.0
2.94,-0.979748923560684,0.0,0.0,0.020022998472177,0.0,0.0
2.95,-0.981702202998454,0.0,0.0,0.0190422647361027,0.0,0.0
2.96,-0.983557313034006,0.0,0.0,0.0180596267894232,0.0,0.0
2.97,-0.985314068157883,0.0,0.0,0.0170751828951145,0.0,0.0
2.98,-0.9869722926960369,0.0,0.0,0.0160890314967455,0.0,0.0
2.99,-0.9885318208273961,0.0,0.0,0.0151012712086343,0.0,0.0
3.0,-0.989992496600445,0.0,0.0,0.0141120008059867,0.0,0.0
3.01,-0.9913541739488251,0.0,0.0,0.0131213192150183,0.0,0.0
3.02,-0.992616716705937,0.0,0.0,0.0121293255030629,0.0,0.0
3.03,-0.9937799986185549,0.0,0.0,0.0111361188686649,0.0,0.0
3.04,-0.994843903359459,0.0,0.0,0.0101417986316601,0.0,0.0
3.0500000000000003,-0.995808324539061,0.0,0.0,0.0091464642232436,0.0,0.0
3.06,-0.996673165716046,0.0,0.0,0.0081502151760269,0.0,0.0
3.0700000000000003,-0.9974383404070181,0.0,0.0,0.0071531511140843,0.0,0.0
3.08,-0.9981037720951449,0.0,0.0,0.0061553717429913,0.0,0.0
3.09,-0.9986693942378131,0.0,0.0,0.0051569768398534,0.0,0.0
3.1,-0.999135150273279,0.0,0.0,0.004158066243329,0.0,0.0
3.11,-0.999500993626327,0.0,0.0,0.0031587398436453,0.0,0.0
3.12,-0.999766887712928,0.0,0.0,0.0021590975726095,0.0,0.0
3.13,-0.999932805943893,0.0,0.0,0.0011592393936158,0.0,0.0
3.14,-0.999998731727539,0.0,0.0,0.0001592652916486,0.0,0.0
3.15,-0.999964658471342,0.0,0.0,-0.0008407247367148,0.0,0.0
3.16,-0.9998305895825981,0.0,0.0,-0.0018406306933053,0.0,0.0
3.17,-0.9995965384680849,0.0,0.0,-0.0028403525883603,0.0,0.0
3.18,-0.999262528532721,0.0,0.0,-0.0038397904505235,0.0,0.0
3.19,-0.998828593177218,0.0,0.0,-0.0048388443368414,0.0,0.0
3.2,-0.998294775794753,0.0,0.0,-0.005837414342758,0.0,0.0
3.21,-0.997661129766617,0.0,0.0,-0.0068354006121047,0.0,0.0
3.22,-0.996927718456887,0.0,0.0,-0.0078327033470865,0.0,0.0
3.23,-0.996094615206081,0.0,0.0,-0.0088292228182607,0.0,0.0
3.24,-0.99516190332383,0.0,0.0,-0.0098248593745108,0.0,0.0
3.25,-0.994129676080546,0.0,0.0,-0.0108195134530108,0.0,0.0
3.26,-0.992998036698092,0.0,0.0,-0.0118130855891817,0.0,0.0
3.27,-0.991767098339465,0.0,0.0,-0.0128054764266379,0.0,0.0
3.28,-0.990436984097473,0.0,0.0,-0.0137965867271227,0.0,0.0
3.29,-0.9890078269824321,0.0,0.0,-0.0147863173804318,0.0,0.0
3.3000000000000003,-0.987479769908865,0.0,0.0,-0.0157745694143248,0.0,0.0
3.31,-0.9858529656812031,0.0,0.0,-0.0167612440044218,0.0,0.0
3.3200000000000003,-0.984127576978514,0.0,0.0,-0.017746242484086,0.0,0.0
3.33,-0.982303776338231,0.0,0.0,-0.0187294663542903,0.0,0.0
3.34,-0.9803817461388981,0.0,0.0,-0.0197108172934669,0.0,0.0
3.35,-0.978361678581934,0.0,0.0,-0.0206901971673399,0.0,0.0
3.36,-0.97624377567241,0.0,0.0,-0.0216675080387379,0.0,0.0
3.37,-0.9740282491988519,0.0,0.0,-0.0226426521773883,0.0,0.0
3.38,-0.971715320712062,0.0,0.0,-0.0236155320696897,0.0,0.0
3.39,-0.9693052215029601,0.0,0.0,-0.0245860504284637,0.0,0.0
3.4,-0.966798192579461,0.0,0.0,-0.0255541102026831,0.0,0.0
3.41,-0.964194484642365,0.0,0.0,-0.0265196145871773,0.0,0.0
3.42,-0.961494358060298,0.0,0.0,-0.0274824670323124,0.0,0.0
3.43,-0.958698082843668,0.0,0.0,-0.0284425712536462,0.0,0.0
3.44,-0.9558059386176659,0.0,0.0,-0.0293998312415567,0.0,0.0
3.45,-0.952818214594304,0.0,0.0,-0.0303541512708429,0.0,0.0
3.46,-0.9497352095434961,0.0,0.0,-0.031305435910297,0.0,0.0
3.47,-0.946557231763176,0.0,0.0,-0.0322535900322479,0.0,0.0
3.48,-0.9432845990484751,0.0,0.0,-0.0331985188220734,0.0,0.0
3.49,-0.9399176386599379,0.0,0.0,-0.0341401277876821,0.0,0.0
3.5,-0.936456687290796,0.0,0.0,-0.0350783227689619,0.0,0.0
3.51,-0.932902091033303,0.0,0.0,-0.0360130099471968,0.0,0.0
3.52,-0.9292542053441231,0.0,0.0,-0.0369440958544477,0.0,0.0
3.53,-0.925513395008784,0.0,0.0,-0.0378714873828998,0.0,0.0
3.54,-0.9216800341052029,0.0,0.0,-0.038795091794173,0.0,0.0
3.5500000000000003,-0.9177545059662751,0.0,0.0,-0.039714816728596,0.0,0.0
3.56,-0.913737203141544,0.0,0.0,-0.0406305702144416,0.0,0.0
3.5700000000000003,-0.909628527357944,0.0,0.0,-0.0415422606771246,0.0,0.0
3.58,-0.9054288894796291,0.0,0.0,-0.0424497969483582,0.0,0.0
3.59,-0.9011387094668879,0.0,0.0,-0.0433530882752717,0.0,0.0
3.6,-0.896758416334147,0.0,0.0,-0.0442520443294852,0.0,0.0
3.61,-0.892288448107068,0.0,0.0,-0.0451465752161423,0.0,0.0
3.62,-0.88772925177875,0.0,0.0,-0.0460365914828998,0.0,0.0
3.63,-0.883081283265026,0.0,0.0,-0.0469220041288727,0.0,0.0
3.64,-0.878345007358874,0.0,0.0,-0.0478027246135342,0.0,0.0
3.65,-0.873520897683938,0.0,0.0,-0.0486786648655699,0.0,0.0
3.66,-0.8686094366471641,0.0,0.0,-0.0495497372916844,0.0,0.0
3.67,-0.8636111153905659,0.0,0.0,-0.0504158547853611,0.0,0.0
3.68,-0.858526433742101,0.0,0.0,-0.0512769307355723,0.0,0.0
3.69,-0.853355900165699,0.0,0.0,-0.0521328790354406,0.0,0.0
3.7,-0.848100031710408,0.0,0.0,-0.0529836140908493,0.0,0.0
3.71,-0.8427593539586931,0.0,0.0,-0.0538290508290017,0.0,0.0
3.72,-0.8373344009738801,0.0,0.0,-0.0546691047069287,0.0,0.0
3.73,-0.831825715246745,0.0,0.0,-0.0555036917199423,0.0,0.0
3.74,-0.8262338476412721,0.0,0.0,-0.056332728410037,0.0,0.0
3.75,-0.82055935733956,0.0,0.0,-0.0571561318742343,0.0,0.0
3.76,-0.814802811785912,0.0,0.0,-0.0579738197728743,0.0,0.0
3.77,-0.8089647866300851,0.0,0.0,-0.0587857103378482,0.0,0.0
3.78,-0.8030458656697299,0.0,0.0,-0.0595917223807764,0.0,0.0
3.79,-0.7970466407920109,0.0,0.0,-0.060391775301126,0.0,0.0
3.8,-0.790967711914416,0.0,0.0,-0.0611857890942719,0.0,0.0
3.81,-0.7848096869247669,0.0,0.0,-0.0619736843594963,0.0,0.0
3.82,-0.778573181620432,0.0,0.0,-0.0627553823079293,0.0,0.0
3.83,-0.7722588196467429,0.0,0.0,-0.0635308047704275,0.0,0.0
3.84,-0.7658672324346371,0.0,0.0,-0.0642998742053908,0.0,0.0
3.85,-0.759399059137507,0.0,0.0,-0.0650625137065167,0.0,0.0
3.86,-0.752854946567295,0.0,0.0,-0.0658186470104904,0.0,0.0
3.87,-0.7462355491298021,0.0,0.0,-0.0665681985046119,0.0,0.0
3.88,-0.7395415287592579,0.0,0.0,-0.0673110932343561,0.0,0.0
3.89,-0.7327735548521199,0.0,0.0,-0.0680472569108694,0.0,0.0
3.9,-0.72593230420014,0.0,0.0,-0.0687766159183973,0.0,0.0
3.91,-0.7190184609226811,0.0,0.0,-0.0694990973216472,0.0,0.0
3.92,-0.71203271639831,0.0,0.0,-0.0702146288730805,0.0,0.0
3.93,-0.704975769195657,0.0,0.0,-0.0709231390201386,0.0,0.0
3.94,-0.697848325003563,0.0,0.0,-0.071624556912397,0.0,0.0
3.95,-0.690651096560507,0.0,0.0,-0.0723188124086512,0.0,0.0
3.96,-0.6833848035833361,0.0,0.0,-0.0730058360839299,0.0,0.0
3.97,-0.676050172695291,0.0,0.0,-0.0736855592364383,0.0,0.0
3.98,-0.668647937353351,0.0,0.0,-0.0743579138944274,0.0,0.0
3.99,-0.661178837774879,0.0,0.0,-0.0750228328229919,0.0,0.0
4.0,-0.6536436208636109,0.0,0.0,-0.0756802495307928,0.0,0.0
4.01,-0.6460430401349581,0.0,0.0,-0.0763300982767073,0.0,0.0
4.0200000000000005,-0.6383778556406581,0.0,0.0,-0.0769723140764024,0.0,0.0
4.03,-0.630648833892775,0.0,0.0,-0.0776068327088332,0.0,0.0
4.04,-0.622856747787041,0.0,0.0,-0.0782335907226652,0.0,0.0
4.05,-0.615002376525574,0.0,0.0,-0.0788525254426195,0.0,0.0
4.0600000000000005,-0.6070865055389539,0.0,0.0,-0.0794635749757397,0.0,0.0
4.07,-0.599109926407685,0.0,0.0,-0.0800666782175817,0.0,0.0
4.08,-0.591073436783031,0.0,0.0,-0.080661774858324,0.0,0.0
4.09,-0.582977840307259,0.0,0.0,-0.0812488053887984,0.0,0.0
4.1,-0.574823946533269,0.0,0.0,-0.081827711106441,0.0,0.0
4.11,-0.566612570843643,0.0,0.0,-0.0823984341211625,0.0,0.0
4.12,-0.55834453436911,0.0,0.0,-0.082960917361137,0.0,0.0
4.13,-0.550020663906425,0.0,0.0,-0.0835151045785093,0.0,0.0
4.14,-0.5416417918356979,0.0,0.0,-0.0840609403550194,0.0,0.0
4.15,-0.533208756037154,0.0,0.0,-0.0845983701075446,0.0,0.0
4.16,-0.524722399807346,0.0,0.0,-0.0851273400935574,0.0,0.0
4.17,-0.516183571774824,0.0,0.0,-0.0856477974165001,0.0,0.0
4.18,-0.507593125815277,0.0,0.0,-0.086159690031074,0.0,0.0
4.19,-0.49895192096614,0.0,0.0,-0.0866629667484444,0.0,0.0
4.2,-0.490260821340699,0.0,0.0,-0.0871575772413588,0.0,0.0
4.21,-0.48152069604167297,0.0,0.0,-0.0876434720491801,0.0,0.0
4.22,-0.472732419074309,0.0,0.0,-0.0881206025828325,0.0,0.0
4.23,-0.46389686925898,0.0,0.0,-0.0885889211296602,0.0,0.0
4.24,-0.455014930143304,0.0,0.0,-0.0890483808581988,0.0,0.0
4.25,-0.446087489913792,0.0,0.0,-0.0894989358228583,0.0,0.0
4.26,-0.43711544130702695,0.0,0.0,-0.0899405409685177,0.0,0.0
4.2700000000000005,-0.428099681520393,0.0,0.0,-0.0903731521350305,0.0,0.0
4.28,-0.419041112122355,0.0,0.0,-0.0907967260616405,0.0,0.0
4.29,-0.409940638962305,0.0,0.0,-0.091211220391308,0.0,0.0
4.3,-0.400799172079975,0.0,0.0,-0.0916165936749455,0.0,0.0
4.3100000000000005,-0.39161762561443403,0.0,0.0,-0.0920128053755624,0.0,0.0
4.32,-0.38239691771268003,0.0,0.0,-0.0923998158723188,0.0,0.0
4.33,-0.37313797043781705,0.0,0.0,-0.0927775864644875,0.0,0.0
4.34,-0.363841709676858,0.0,0.0,-0.0931460793753242,0.0,0.0
4.3500000000000005,-0.35450906504813096,0.0,0.0,-0.0935052577558449,0.0,0.0
4.36,-0.345140969808323,0.0,0.0,-0.0938550856885108,0.0,0.0
4.37,-0.33573836075915,0.0,0.0,-0.0941955281908201,0.0,0.0
4.38,-0.32630217815368295,0.0,0.0,-0.0945265512188063,0.0,0.0
4.39,-0.316833365602318,0.0,0.0,-0.0948481216704425,0.0,0.0
4.4,-0.307332869978419,0.0,0.0,-0.0951602073889516,0.0,0.0
4.41,-0.29780164132363296,0.0,0.0,-0.0954627771660216,0.0,0.0
4.42,-0.288240632752881,0.0,0.0,-0.0957558007449271,0.0,0.0
4.43,-0.278650800359054,0.0,0.0,-0.0960392488235543,0.0,0.0
4.44,-0.26903310311739903,0.0,0.0,-0.0963130930573316,0.0,0.0
4.45,-0.259388502789626,0.0,0.0,-0.0965773060620638,0.0,0.0
4.46,-0.24971796382772998,0.0,0.0,-0.0968318614166707,0.0,0.0
4.47,-0.240022453277549,0.0,0.0,-0.0970767336658288,0.0,0.0
4.48,-0.23030294068205798,0.0,0.0,-0.0973118983225174,0.0,0.0
4.49,-0.22056039798441798,0.0,0.0,-0.0975373318704666,0.0,0.0
4.5,-0.21079579943077903,0.0,0.0,-0.0977530117665097,0.0,0.0
4.51,-0.20101012147286001,0.0,0.0,-0.0979589164428366,0.0,0.0
4.5200000000000005,-0.1912043426703,0.0,0.0,-0.0981550253091515,0.0,0.0
4.53,-0.181379443592811,0.0,0.0,-0.098341318754731,0.0,0.0
4.54,-0.171536406722111,0.0,0.0,-0.0985177781503859,0.0,0.0
4.55,-0.161676216353686,0.0,0.0,-0.0986843858503236,0.0,0.0
4.5600000000000005,-0.151799858498354,0.0,0.0,-0.098841125193913,0.0,0.0
4.57,-0.141908320783673,0.0,0.0,-0.0989879805073504,0.0,0.0
4.58,-0.13200259235517,0.0,0.0,-0.0991249371052267,0.0,0.0
4.59,-0.122083663777433,0.0,0.0,-0.0992519812919963,0.0,0.0
4.6000000000000005,-0.112152526935054,0.0,0.0,-0.0993691003633464,0.0,0.0
4.61,-0.10221017493344199,0.0,0.0,-0.0994762826074675,0.0,0.0
4.62,-0.092257601999511,0.0,0.0,-0.0995735173062245,0.0,0.0
4.63,-0.082295803382262,0.0,0.0,-0.0996607947362285,0.0,0.0
4.64,-0.072325775253254,0.0,0.0,-0.0997381061698093,0.0,0.0
4.65,-0.062348514606991,0.0,0.0,-0.0998054438758879,0.0,0.0
4.66,-0.052365019161225004,0.0,0.0,-0.0998628011207499,0.0,0.0
4.67,-0.042376287257181004,0.0,0.0,-0.0999101721687184,0.0,0.0
4.68,-0.032383317759724,0.0,0.0,-0.0999475522827284,0.0,0.0
4.69,-0.022387109957477003,0.0,0.0,-0.0999749377247994,0.0,0.0
4.7,-0.01238866346289,0.0,0.0,-0.0999923257564101,0.0,0.0
4.71,-0.002388978112281,0.0,0.0,-0.0999997146387718,0.0,0.0
4.72,0.007610946134147,0.0,0.0,-0.0999971036330024,0.0,0.0
4.73,0.017610109292307,0.0,0.0,-0.0999844930002004,0.0,0.0
4.74,0.027607511454211003,0.0,0.0,-0.0999618840014185,0.0,0.0
4.75,0.037602152887976,0.0,0.0,-0.0999292788975378,0.0,0.0
4.76,0.047593034137786996,0.0,0.0,-0.0998866809490414,0.0,0.0
4.7700000000000005,0.057579156123846,0.0,0.0,-0.0998340944156887,0.0,0.0
4.78,0.067559520242275,0.0,0.0,-0.0997715245560893,0.0,0.0
4.79,0.077533128464978,0.0,0.0,-0.0996989776271769,0.0,0.0
4.8,0.087498983439446,0.0,0.0,-0.099616460883584,0.0,0.0
4.8100000000000005,0.09745608858848599,0.0,0.0,-0.0995239825769162,0.0,0.0
4.82,0.10740344820988,0.0,0.0,-0.0994215519549271,0.0,0.0
4.83,0.117340067575955,0.0,0.0,-0.0993091792605935,0.0,0.0
4.84,0.12726495303305602,0.0,0.0,-0.0991868757310912,0.0,0.0
4.8500000000000005,0.137177112100908,0.0,0.0,-0.0990546535966713,0.0,0.0
4.86,0.147075553571863,0.0,0.0,-0.0989125260794369,0.0,0.0
4.87,0.156959287610023,0.0,0.0,-0.0987605073920215,0.0,0.0
4.88,0.16682732585022098,0.0,0.0,-0.098598612736167,0.0,0.0
4.89,0.176678681496857,0.0,0.0,-0.0984268583012041,0.0,0.0
4.9,0.186512369422575,0.0,0.0,-0.0982452612624332,0.0,0.0
4.91,0.19632740626677697,0.0,0.0,-0.0980538397794069,0.0,0.0
4.92,0.206122810533958,0.0,0.0,-0.0978526129941138,0.0,0.0
4.93,0.21589760269185398,0.0,0.0,-0.0976416010290649,0.0,0.0
4.94,0.22565080526939502,0.0,0.0,-0.0974208249852809,0.0,0.0
4.95,0.235381442954451,0.0,0.0,-0.097190306940182,0.0,0.0
4.96,0.245088542691361,0.0,0.0,-0.0969500699453808,0.0,0.0
4.97,0.254771133778242,0.0,0.0,-0.0967001380243766,0.0,0.0
4.98,0.264428247964055,0.0,0.0,-0.096440536170153,0.0,0.0
4.99,0.274058919545427,0.0,0.0,-0.0961712903426793,0.0,0.0
5.0,0.283662185463226,0.0,0.0,-0.0958924274663138,0.0,0.0
5.01,0.293237085398863,0.0,0.0,-0.0956039754271118,0.0,0.0
5.0200000000000005,0.302782661870324,0.0,0.0,-0.0953059630700367,0.0,0.0
5.03,0.312297960327915,0.0,0.0,-0.094998420196076,0.0,0.0
5.04,0.321782029249721,0.0,0.0,-0.0946813775592609,0.0,0.0
5.05,0.331233920236753,0.0,0.0,-0.0943548668635906,0.0,0.0
5.0600000000000005,0.34065268810779004,0.0,0.0,-0.0940189207598628,0.0,0.0
5.07,0.350037390993891,0.0,0.0,-0.0936735728424079,0.0,0.0
5.08,0.35938709043258904,0.0,0.0,-0.0933188576457297,0.0,0.0
5.09,0.368700851461733,0.0,0.0,-0.0929548106410525,0.0,0.0
5.1000000000000005,0.377977742712981,0.0,0.0,-0.0925814682327732,0.0,0.0
5.11,0.387216836504937,0.0,0.0,-0.0921988677548216,0.0,0.0
5.12,0.39641720893592197,0.0,0.0,-0.0918070474669267,0.0,0.0
5.13,0.40557793997636005,0.0,0.0,-0.0914060465507907,0.0,0.0
5.14,0.414698113560781,0.0,0.0,-0.090995905106171,0.0,0.0
5.15,0.423776817679428,0.0,0.0,-0.0905766641468704,0.0,0.0
5.16,0.43281314446945196,0.0,0.0,-0.0901483655966354,0.0,0.0
5.17,0.441806190305705,0.0,0.0,-0.0897110522849642,0.0,0.0
5.18,0.450755055891098,0.0,0.0,-0.0892647679428234,0.0,0.0
5.19,0.459658846346531,0.0,0.0,-0.0888095571982754,0.0,0.0
5.2,0.468516671300377,0.0,0.0,-0.0883454655720153,0.0,0.0
5.21,0.477327644977521,0.0,0.0,-0.0878725394728189,0.0,0.0
5.22,0.48609088628793995,0.0,0.0,-0.0873908261929022,0.0,0.0
5.23,0.49480551891480495,0.0,0.0,-0.0869003739031916,0.0,0.0
5.24,0.503470671402114,0.0,0.0,-0.0864012316485074,0.0,0.0
5.25,0.51208547724184,0.0,0.0,-0.0858934493426592,0.0,0.0
5.26,0.520649074960579,0.0,0.0,-0.0853770777634543,0.0,0.0
5.2700000000000005,0.529160608205695,0.0,0.0,-0.0848521685476204,0.0,0.0
5.28,0.537619225830956,0.0,0.0,-0.0843187741856416,0.0,0.0
5.29,0.546024081981648,0.0,0.0,-0.0837769480165097,0.0,0.0
5.3,0.55437433617916,0.0,0.0,-0.0832267442223901,0.0,0.0
5.3100000000000005,0.562669153405033,0.0,0.0,-0.0826682178232035,0.0,0.0
5.32,0.570907704184453,0.0,0.0,-0.0821014246711247,0.0,0.0
5.33,0.57908916466921,0.0,0.0,-0.0815264214449963,0.0,0.0
5.34,0.587212716720073,0.0,0.0,-0.0809432656446619,0.0,0.0
5.3500000000000005,0.595277547988606,0.0,0.0,-0.0803520155852155,0.0,0.0
5.36,0.6032828519984039,0.0,0.0,-0.0797527303911704,0.0,0.0
5.37,0.6112278282257351,0.0,0.0,-0.0791454699905466,0.0,0.0
5.38,0.619111682179598,0.0,0.0,-0.078530295108878,0.0,0.0
5.39,0.626933625481169,0.0,0.0,-0.0779072672631403,0.0,0.0
5.4,0.634692875942634,0.0,0.0,-0.0772764487555987,0.0,0.0
5.41,0.642388657645414,0.0,0.0,-0.0766379026675784,0.0,0.0
5.42,0.6500202010177509,0.0,0.0,-0.0759916928531561,0.0,0.0
5.43,0.657586742911669,0.0,0.0,-0.0753378839327746,0.0,0.0
5.44,0.6650875266792821,0.0,0.0,-0.0746765412867812,0.0,0.0
5.45,0.6725218022484659,0.0,0.0,-0.0740077310488894,0.0,0.0
5.46,0.679888826197857,0.0,0.0,-0.0733315200995656,0.0,0.0
5.47,0.6871878618312,0.0,0.0,-0.0726479760593413,0.0,0.0
5.48,0.694418179251016,0.0,0.0,-0.0719571672820507,0.0,0.0
5.49,0.7015790554315859,0.0,0.0,-0.0712591628479961,0.0,0.0
5.5,0.70866977429126,0.0,0.0,-0.0705540325570392,0.0,0.0
5.51,0.715689626764061,0.0,0.0,-0.0698418469216213,0.0,0.0
5.5200000000000005,0.722637910870592,0.0,0.0,-0.0691226771597126,0.0,0.0
5.53,0.729513931788232,0.0,0.0,-0.06839659518769,0.0,0.0
5.54,0.736317001920619,0.0,0.0,-0.0676636736131457,0.0,0.0
5.55,0.743046440966409,0.0,0.0,-0.0669239857276262,0.0,0.0
5.5600000000000005,0.749701575987307,0.0,0.0,-0.0661776054993037,0.0,0.0
5.57,0.7562817414753551,0.0,0.0,-0.0654246075655791,0.0,0.0
5.58,0.762786279419488,0.0,0.0,-0.0646650672256183,0.0,0.0
5.59,0.7692145393713321,0.0,0.0,-0.0638990604328223,0.0,0.0
5.6000000000000005,0.7755658785102499,0.0,0.0,-0.063126663787232,0.0,0.0
5.61,0.781839661707618,0.0,0.0,-0.0623479545278685,0.0,0.0
5.62,0.788035261590347,0.0,0.0,-0.0615630105250086,0.0,0.0
5.63,0.794152058603611,0.0,0.0,-0.0607719102723985,0.0,0.0
5.64,0.800189441072805,0.0,0.0,-0.0599747328794043,0.0,0.0
5.65,0.8061468052647149,0.0,0.0,-0.0591715580631009,0.0,0.0
5.66,0.812023555447885,0.0,0.0,-0.0583624661403007,0.0,0.0
5.67,0.817819103952194,0.0,0.0,-0.0575475380195217,0.0,0.0
5.68,0.823532871227622,0.0,0.0,-0.0567268551928968,0.0,0.0
5.69,0.829164285902202,0.0,0.0,-0.0559004997280248,0.0,0.0
5.7,0.834712784839159,0.0,0.0,-0.0550685542597637,0.0,0.0
5.71,0.8401778131932249,0.0,0.0,-0.0542311019819669,0.0,0.0
5.72,0.845558824466116,0.0,0.0,-0.0533882266391644,0.0,0.0
5.73,0.850855280561192,0.0,0.0,-0.0525400125181879,0.0,0.0
5.74,0.856066651837255,0.0,0.0,-0.0516865444397428,0.0,0.0
5.75,0.861192417161521,0.0,0.0,-0.0508279077499258,0.0,0.0
5.76,0.866232063961728,0.0,0.0,-0.0499641883116902,0.0,0.0
5.7700000000000005,0.8711850882773969,0.0,0.0,-0.0490954724962601,0.0,0.0
5.78,0.876050994810223,0.0,0.0,-0.0482218471744931,0.0,0.0
5.79,0.8808292969736089,0.0,0.0,-0.0473433997081935,0.0,0.0
5.8,0.8855195169413189,0.0,0.0,-0.0464602179413757,0.0,0.0
5.8100000000000005,0.890121185695265,0.0,0.0,-0.0455723901914804,0.0,0.0
5.82,0.894633843072407,0.0,0.0,-0.044680005240543,0.0,0.0
5.83,0.8990570378107671,0.0,0.0,-0.0437831523263146,0.0,0.0
5.84,0.9033903275945581,0.0,0.0,-0.0428819211333395,0.0,0.0
5.8500000000000005,0.9076332790984131,0.0,0.0,-0.0419764017839858,0.0,0.0
5.86,0.9117854680307159,0.0,0.0,-0.041066684829434,0.0,0.0
5.87,0.915846479176035,0.0,0.0,-0.0401528612406214,0.0,0.0
5.88,0.919815906436639,0.0,0.0,-0.0392350223991453,0.0,0.0
5.89,0.92369335287311,0.0,0.0,-0.0383132600881251,0.0,0.0
5.9,0.9274784307440349,0.0,0.0,-0.0373876664830236,0.0,0.0
5.91,0.931170761544783,0.0,0.0,-0.0364583341424301,0.0,0.0
5.92,0.934769976045349,0.0,0.0,-0.0355253559988042,0.0,0.0
5.93,0.938275714327282,0.0,0.0,-0.0345888253491828,0.0,0.0
5.94,0.941687625819677,0.0,0.0,-0.0336488358458504,0.0,0.0
5.95,0.945005369334227,0.0,0.0,-0.032705481486974,0.0,0.0
5.96,0.948228613099345,0.0,0.0,-0.0317588566072034,0.0,0.0
5.97,0.951357034793342,0.0,0.0,-0.0308090558682378,0.0,0.0
5.98,0.954390321576654,0.0,0.0,-0.0298561742493593,0.0,0.0
5.99,0.95732817012313,0.0,0.0,-0.0289003070379361,0.0,0.0
6.0,0.960170286650366,0.0,0.0,-0.0279415498198925,0.0,0.0
6.01,0.9629163869490751,0.0,0.0,-0.0269799984701516,0.0,0.0
6.0200000000000005,0.965566196411518,0.0,0.0,-0.0260157491430468,0.0,0.0
6.03,0.9681194500589541,0.0,0.0,-0.0250488982627074,0.0,0.0
6.04,0.970575892568149,0.0,0.0,-0.0240795425134159,0.0,0.0
6.05,0.972935278296897,0.0,0.0,-0.0231077788299392,0.0,0.0
6.0600000000000005,0.975197371308592,0.0,0.0,-0.0221337043878358,0.0,0.0
6.07,0.9773619453958191,0.0,0.0,-0.0211574165937385,0.0,0.0
6.08,0.979428784102971,0.0,0.0,-0.0201790130756128,0.0,0.0
6.09,0.9813976807478999,0.0,0.0,-0.0191985916729955,0.0,0.0
6.1000000000000005,0.9832684384425839,0.0,0.0,-0.0182162504272095,0.0,0.0
6.11,0.985040870112811,0.0,0.0,-0.017232087571561,0.0,0.0
6.12,0.986714798516892,0.0,0.0,-0.0162462015215154,0.0,0.0
6.13,0.9882900562633801,0.0,0.0,-0.0152586908648561,0.0,0.0
6.140000000000001,0.9897664858278141,0.0,0.0,-0.0142696543518257,0.0,0.0
6.15,0.991143939568469,0.0,0.0,-0.0132791908852516,0.0,0.0
6.16,0.992422279741117,0.0,0.0,-0.012287399510655,0.0,0.0
6.17,0.993601378512806,0.0,0.0,-0.0112943794063467,0.0,0.0
6.18,0.994681117974643,0.0,0.0,-0.0103002298735097,0.0,0.0
6.19,0.99566139015358,0.0,0.0,-0.0093050503262688,0.0,0.0
6.2,0.9965420970232169,0.0,0.0,-0.0083089402817496,0.0,0.0
6.21,0.997323150513601,0.0,0.0,-0.0073119993501263,0.0,0.0
6.22,0.998004472520033,0.0,0.0,-0.0063143272246612,0.0,0.0
6.23,0.998585994910881,0.0,0.0,-0.0053160236717356,0.0,0.0
6.24,0.99906765953439,0.0,0.0,-0.0043171885208728,0.0,0.0
6.25,0.999449418224499,0.0,0.0,-0.0033179216547556,0.0,0.0
6.26,0.9997312328056571,0.0,0.0,-0.0023183229992379,0.0,0.0
6.2700000000000005,0.9999130750966421,0.0,0.0,-0.0013184925133521,0.0,0.0
6.28,0.999994926913375,0.0,0.0,-0.0003185301793137,0.0,0.0
6.29,0.9999767800707431,0.0,0.0,0.000681464007477,0.0,0.0
6.3,0.999858636383415,0.0,0.0,0.0016813900484349,0.0,0.0
6.3100000000000005,0.999640507665661,0.0,0.0,0.0026811479517893,0.0,0.0
6.32,0.9993224157301719,0.0,0.0,0.0036806377425826,0.0,0.0
6.33,0.998904392385876,0.0,0.0,0.0046797594726689,0.0,0.0
6.34,0.998386479434759,0.0,0.0,0.0056784132307078,0.0,0.0
6.3500000000000005,0.997768728667684,0.0,0.0,0.0066764991521556,0.0,0.0
6.36,0.997051201859213,0.0,0.0,0.0076739174292518,0.0,0.0
6.37,0.9962339707614299,0.0,0.0,0.0086705683210001,0.0,0.0
6.38,0.995317117096763,0.0,0.0,0.0096663521631417,0.0,0.0
6.390000000000001,0.994300732549815,0.0,0.0,0.0106611693781223,0.0,0.0
6.4,0.993184918758192,0.0,0.0,0.0116549204850493,0.0,0.0
6.41,0.991969787302345,0.0,0.0,0.0126475061096402,0.0,0.0
6.42,0.990655459694407,0.0,0.0,0.0136388269941597,0.0,0.0
6.43,0.989242067366043,0.0,0.0,0.0146287840073454,0.0,0.0
6.44,0.987729751655308,0.0,0.0,0.0156172781543211,0.0,0.0
6.45,0.9861186637925121,0.0,0.0,0.0166042105864957,0.0,0.0
6.46,0.9844089648851,0.0,0.0,0.0175894826114484,0.0,0.0
6.47,0.982600825901538,0.0,0.0,0.0185729957027977,0.0,0.0
6.48,0.9806944276542171,0.0,0.0,0.0195546515100544,0.0,0.0
6.49,0.978689960781373,0.0,0.0,0.0205343518684554,0.0,0.0
6.5,0.976587625728023,0.0,0.0,0.0215119988087815,0.0,0.0
6.51,0.974387632725921,0.0,0.0,0.0224874945671533,0.0,0.0
6.5200000000000005,0.972090201772533,0.0,0.0,0.023460741594808,0.0,0.0
6.53,0.96969556260904,0.0,0.0,0.0244316425678537,0.0,0.0
6.54,0.9672039546973631,0.0,0.0,0.0254001003970023,0.0,0.0
6.55,0.964615627196218,0.0,0.0,0.0263660182372778,0.0,0.0
6.5600000000000005,0.9619308389361959,0.0,0.0,0.0273292994977013,0.0,0.0
6.57,0.9591498583938871,0.0,0.0,0.0282898478509492,0.0,0.0
6.58,0.956272963665027,0.0,0.0,0.0292475672429869,0.0,0.0
6.59,0.953300442436693,0.0,0.0,0.0302023619026732,0.0,0.0
6.6000000000000005,0.950232591958529,0.0,0.0,0.0311541363513378,0.0,0.0
6.61,0.9470697190130271,0.0,0.0,0.0321027954123289,0.0,0.0
6.62,0.943812139884846,0.0,0.0,0.033048244220531,0.0,0.0
6.63,0.940460180329184,0.0,0.0,0.0339903882318512,0.0,0.0
6.640000000000001,0.937014175539203,0.0,0.0,0.0349291332326735,0.0,0.0
6.65,0.933474470112512,0.0,0.0,0.03586438534928,0.0,0.0
6.66,0.929841418016701,0.0,0.0,0.0367960510572384,0.0,0.0
6.67,0.9261153825539541,0.0,0.0,0.0377240371907544,0.0,0.0
6.68,0.922296736324712,0.0,0.0,0.0386482509519879,0.0,0.0
6.69,0.918385861190415,0.0,0.0,0.039568599920333,0.0,0.0
6.7,0.9143831482353191,0.0,0.0,0.0404849920616598,0.0,0.0
6.71,0.910288997727382,0.0,0.0,0.0413973357375178,0.0,0.0
6.72,0.906103819078245,0.0,0.0,0.0423055397142996,0.0,0.0
6.73,0.901828030802283,0.0,0.0,0.0432095131723647,0.0,0.0
6.74,0.897462060474762,0.0,0.0,0.0441091657151202,0.0,0.0
6.75,0.8930063446890759,0.0,0.0,0.0450044073780617,0.0,0.0
6.76,0.888461329013091,0.0,0.0,0.045895148637769,0.0,0.0
6.7700000000000005,0.8838274679445859,0.0,0.0,0.0467813004208584,0.0,0.0
6.78,0.879105224865808,0.0,0.0,0.0476627741128899,0.0,0.0
6.79,0.8742950719971281,0.0,0.0,0.048539481567229,0.0,0.0
6.8,0.8693974903498249,0.0,0.0,0.0494113351138608,0.0,0.0
6.8100000000000005,0.8644129696779821,0.0,0.0,0.0502782475681572,0.0,0.0
6.82,0.859342008429514,0.0,0.0,0.0511401322395952,0.0,0.0
6.83,0.854185113696318,0.0,0.0,0.0519969029404258,0.0,0.0
6.84,0.848942801163572,0.0,0.0,0.052848473994293,0.0,0.0
6.8500000000000005,0.8436155950581591,0.0,0.0,0.0536947602448011,0.0,0.0
6.86,0.838204028096251,0.0,0.0,0.0545356770640302,0.0,0.0
6.87,0.832708641430034,0.0,0.0,0.055371140360999,0.0,0.0
6.88,0.827129984593596,0.0,0.0,0.0562010665900743,0.0,0.0
6.890000000000001,0.821468615447971,0.0,0.0,0.0570253727593246,0.0,0.0
6.9,0.815725100125356,0.0,0.0,0.05784397643882,0.0,0.0
6.91,0.809900012972498,0.0,0.0,0.0586567957688746,0.0,0.0
6.92,0.803993936493257,0.0,0.0,0.0594637494682328,0.0,0.0
6.93,0.7980074612903589,0.0,0.0,0.0602647568421972,0.0,0.0
6.94,0.791941186006335,0.0,0.0,0.0610597377906979,0.0,0.0
6.95,0.7857957172636609,0.0,0.0,0.0618486128163024,0.0,0.0
6.96,0.7795716696040871,0.0,0.0,0.0626313030321655,0.0,0.0
6.97,0.773269665427194,0.0,0.0,0.0634077301699181,0.0,0.0
6.98,0.766890334928147,0.0,0.0,0.0641778165874933,0.0,0.0
6.99,0.760434316034681,0.0,0.0,0.0649414852768911,0.0,0.0
7.0,0.7539022543433039,0.0,0.0,0.0656986598718789,0.0,0.0
7.01,0.747294803054743,0.0,0.0,0.0664492646556282,0.0,0.0
7.0200000000000005,0.7406126229086201,0.0,0.0,0.0671932245682862,0.0,0.0
7.03,0.733856382117381,0.0,0.0,0.0679304652144814,0.0,0.0
7.04,0.727026756299475,0.0,0.0,0.0686609128707638,0.0,0.0
7.05,0.720124428411794,0.0,0.0,0.0693844944929763,0.0,0.0
7.0600000000000005,0.713150088681372,0.0,0.0,0.0701011377235598,0.0,0.0
7.07,0.7061044345363721,0.0,0.0,0.0708107708987883,0.0,0.0
7.08,0.698988170536337,0.0,0.0,0.0715133230559357,0.0,0.0
7.09,0.6918020083017371,0.0,0.0,0.0722087239403718,0.0,0.0
7.1000000000000005,0.6845466664428059,0.0,0.0,0.0728969040125876,0.0,0.0
7.11,0.6772228704876839,0.0,0.0,0.0735777944551493,0.0,0.0
7.12,0.6698313528098649,0.0,0.0,0.0742513271795801,0.0,0.0
7.13,0.662372852554955,0.0,0.0,0.0749174348331689,0.0,0.0
7.140000000000001,0.654848115566765,0.0,0.0,0.0755760508057054,0.0,0.0
7.15,0.647257894312723,0.0,0.0,0.0762271092361411,0.0,0.0
7.16,0.63960294780863,0.0,0.0,0.0768705450191755,0.0,0.0
7.17,0.6318840415427571,0.0,0.0,0.0775062938117667,0.0,0.0
7.18,0.624101947399298,0.0,0.0,0.078134292039565,0.0,0.0
7.19,0.616257443581182,0.0,0.0,0.0787544769032711,0.0,0.0
7.2,0.608351314532254,0.0,0.0,0.0793667863849153,0.0,0.0
7.21,0.600384350858831,0.0,0.0,0.0799711592540598,0.0,0.0
7.22,0.59235734925064,0.0,0.0,0.0805675350739213,0.0,0.0
7.23,0.5842711124011539,0.0,0.0,0.0811558542074148,0.0,0.0
7.24,0.576126448927319,0.0,0.0,0.0817360578231173,0.0,0.0
7.25,0.567924173288694,0.0,0.0,0.0823080879011505,0.0,0.0
7.26,0.55966510570601,0.0,0.0,0.0828718872389835,0.0,0.0
7.27,0.55135007207914,0.0,0.0,0.0834273994571523,0.0,0.0
7.28,0.54297990390452,0.0,0.0,0.083974569004898,0.0,0.0
7.29,0.534555438191991,0.0,0.0,0.0845133411657217,0.0,0.0
7.3,0.526077517381105,0.0,0.0,0.0850436620628564,0.0,0.0
7.31,0.517546989256876,0.0,0.0,0.0855654786646544,0.0,0.0
7.32,0.50896470686501,0.0,0.0,0.0860787387898901,0.0,0.0
7.33,0.500331528426593,0.0,0.0,0.086583391112979,0.0,0.0
7.34,0.49164831725227504,0.0,0.0,0.0870793851691091,0.0,0.0
7.35,0.482915941655937,0.0,0.0,0.0875666713592882,0.0,0.0
7.36,0.474135274867862,0.0,0.0,0.0880452009553034,0.0,0.0
7.37,0.46530719494741196,0.0,0.0,0.0885149261045938,0.0,0.0
7.38,0.45643258469522197,0.0,0.0,0.0889757998350359,0.0,0.0
7.390000000000001,0.447512331564921,0.0,0.0,0.0894277760596408,0.0,0.0
7.4,0.43854732757439,0.0,0.0,0.0898708095811627,0.0,0.0
7.41,0.42953846921655603,0.0,0.0,0.0903048560966184,0.0,0.0
7.42,0.420486657369749,0.0,0.0,0.0907298722017184,0.0,0.0
7.43,0.411392797207608,0.0,0.0,0.0911458153952061,0.0,0.0
7.44,0.402257798108572,0.0,0.0,0.0915526440831089,0.0,0.0
7.45,0.39308257356494003,0.0,0.0,0.091950317582897,0.0,0.0
7.46,0.38386804109151995,0.0,0.0,0.0923387961275519,0.0,0.0
7.47,0.37461512213387804,0.0,0.0,0.0927180408695427,0.0,0.0
7.48,0.365324741976201,0.0,0.0,0.0930880138847113,0.0,0.0
7.49,0.355997829648764,0.0,0.0,0.0934486781760646,0.0,0.0
7.5,0.34663531783502505,0.0,0.0,0.0937999976774738,0.0,0.0
7.51,0.337238142778365,0.0,0.0,0.0941419372572818,0.0,0.0
7.52,0.32780724418845697,0.0,0.0,0.0944744627218154,0.0,0.0
7.53,0.318343565147303,0.0,0.0,0.0947975408188052,0.0,0.0
7.54,0.308848052014919,0.0,0.0,0.0951111392407109,0.0,0.0
7.55,0.29932165433470703,0.0,0.0,0.0954152266279514,0.0,0.0
7.56,0.289765324738494,0.0,0.0,0.0957097725720417,0.0,0.0
7.57,0.280180018851278,0.0,0.0,0.0959947476186326,0.0,0.0
7.58,0.27056669519566,0.0,0.0,0.096270123270457,0.0,0.0
7.59,0.26092631509599296,0.0,0.0,0.0965358719901791,0.0,0.0
7.6,0.251259842582254,0.0,0.0,0.0967919672031486,0.0,0.0
7.61,0.241568244293641,0.0,0.0,0.0970383833000575,0.0,0.0
7.62,0.231852489381904,0.0,0.0,0.0972750956395013,0.0,0.0
7.63,0.222113549414438,0.0,0.0,0.0975020805504436,0.0,0.0
7.640000000000001,0.212352398277125,0.0,0.0,0.0977193153345823,0.0,0.0
7.65,0.202570012076944,0.0,0.0,0.09792677826862,0.0,0.0
7.66,0.19276736904436298,0.0,0.0,0.0981244486064362,0.0,0.0
7.67,0.18294544943551702,0.0,0.0,0.0983123065811618,0.0,0.0
7.68,0.173105235434181,0.0,0.0,0.098490333407156,0.0,0.0
7.69,0.163247711053555,0.0,0.0,0.0986585112818845,0.0,0.0
7.7,0.15337386203786402,0.0,0.0,0.0988168233877,0.0,0.0
7.71,0.14348467576378,0.0,0.0,0.0989652538935238,0.0,0.0
7.72,0.13358114114169,0.0,0.0,0.0991037879564289,0.0,0.0
7.73,0.123664248516802,0.0,0.0,0.0992324117231247,0.0,0.0
7.74,0.11373498957011599,0.0,0.0,0.0993511123313415,0.0,0.0
7.75,0.103794357219252,0.0,0.0,0.0994598779111176,0.0,0.0
7.76,0.093843345519162,0.0,0.0,0.0995586975859854,0.0,0.0
7.77,0.08388294956272101,0.0,0.0,0.09964756147406,0.0,0.0
7.78,0.073914165381227,0.0,0.0,0.0997264606890265,0.0,0.0
7.79,0.06393798984479,0.0,0.0,0.0997953873410293,0.0,0.0
7.8,0.053955420562649,0.0,0.0,0.0998543345374605,0.0,0.0
7.81,0.043967455783415,0.0,0.0,0.0999032963836496,0.0,0.0
7.82,0.033975094295242,0.0,0.0,0.0999422679834527,0.0,0.0
7.83,0.023979335325952,0.0,0.0,0.0999712454397426,0.0,0.0
7.84,0.013981178443112,0.0,0.0,0.0999902258547975,0.0,0.0
7.85,0.003981623454078,0.0,0.0,0.0999992073305918,0.0,0.0
7.86,-0.0060183296939810005,0.0,0.0,0.0999981889689855,0.0,0.0
7.87,-0.016017681014087,0.0,0.0,0.0999871708718139,0.0,0.0
7.88,-0.02601543057944,0.0,0.0,0.0999661541408774,0.0,0.0
7.890000000000001,-0.036010578623416,0.0,0.0,0.0999351408778317,0.0,0.0
7.9,-0.046002125639536,0.0,0.0,0.0998941341839772,0.0,0.0
7.91,-0.055989072481427996,0.0,0.0,0.0998431381599491,0.0,0.0
7.92,-0.065970420462729,0.0,0.0,0.0997821579053074,0.0,0.0
7.930000000000001,-0.07594517145696,0.0,0.0,0.0997111995180267,0.0,0.0
7.94,-0.085912327997332,0.0,0.0,0.0996302700938865,0.0,0.0
7.95,-0.095870893376497,0.0,0.0,0.0995393777257619,0.0,0.0
7.96,-0.105819871746217,0.0,0.0,0.099438531502814,0.0,0.0
7.97,-0.115758268216945,0.0,0.0,0.0993277415095809,0.0,0.0
7.98,-0.125685088957318,0.0,0.0,0.0992070188249698,0.0,0.0
7.99,-0.13559934129353,0.0,0.0,0.0990763755211483,0.0,0.0
8.0,-0.14550003380861298,0.0,0.0,0.0989358246623381,0.0,0.0
8.01,-0.155386176441564,0.0,0.0,0.098785380303508,0.0,0.0
8.02,-0.16525678058636,0.0,0.0,0.0986250574889683,0.0,0.0
8.03,-0.17511085919081001,0.0,0.0,0.0984548722508671,0.0,0.0
8.040000000000001,-0.184947426855268,0.0,0.0,0.0982748416075861,0.0,0.0
8.05,-0.194765499931161,0.0,0.0,0.0980849835620399,0.0,0.0
8.06,-0.204564096619365,0.0,0.0,0.0978853170998747,0.0,0.0
8.07,-0.21434223706837702,0.0,0.0,0.0976758621875703,0.0,0.0
8.08,-0.224098943472299,0.0,0.0,0.0974566397704435,0.0,0.0
8.09,-0.233833240168623,0.0,0.0,0.0972276717705532,0.0,0.0
8.1,-0.243544153735791,0.0,0.0,0.0969889810845086,0.0,0.0
8.11,-0.25323071309053696,0.0,0.0,0.0967405915811795,0.0,0.0
8.120000000000001,-0.262891949585002,0.0,0.0,0.096482528099309,0.0,0.0
8.13,-0.272526897103582,0.0,0.0,0.0962148164450306,0.0,0.0
8.14,-0.282134592159556,0.0,0.0,0.0959374833892864,0.0,0.0
8.15,-0.291714073991426,0.0,0.0,0.0956505566651509,0.0,0.0
8.16,-0.30126438465899097,0.0,0.0,0.0953540649650574,0.0,0.0
8.17,-0.310784569139143,0.0,0.0,0.0950480379379288,0.0,0.0
8.18,-0.32027367542136803,0.0,0.0,0.094732506186213,0.0,0.0
8.19,-0.329730754602944,0.0,0.0,0.0944075012628219,0.0,0.0
8.2,-0.339154860983834,0.0,0.0,0.0940730556679773,0.0,0.0
8.21,-0.348545052161256,0.0,0.0,0.0937292028459597,0.0,0.0
8.22,-0.357900389123913,0.0,0.0,0.093375977181765,0.0,0.0
8.23,-0.367219936345908,0.0,0.0,0.0930134139976652,0.0,0.0
8.24,-0.376502761880283,0.0,0.0,0.0926415495496766,0.0,0.0
8.25,-0.385747937452221,0.0,0.0,0.092260421023934,0.0,0.0
8.26,-0.39495453855186996,0.0,0.0,0.0918700665329724,0.0,0.0
8.27,-0.404121644526792,0.0,0.0,0.0914705251119157,0.0,0.0
8.28,-0.413248338674027,0.0,0.0,0.091061836714573,0.0,0.0
8.290000000000001,-0.42233370833176903,0.0,0.0,0.0906440422094434,0.0,0.0
8.3,-0.43137684497062,0.0,0.0,0.0902171833756293,0.0,0.0
8.31,-0.440376844284454,0.0,0.0,0.0897813028986584,0.0,0.0
8.32,-0.449332806280838,0.0,0.0,0.0893364443662152,0.0,0.0
8.33,-0.458243835371038,0.0,0.0,0.0888826522637821,0.0,0.0
8.34,-0.46710904045956797,0.0,0.0,0.0884199719701912,0.0,0.0
8.35,-0.475927535033309,0.0,0.0,0.0879484497530865,0.0,0.0
8.36,-0.484698437250152,0.0,0.0,0.0874681327642965,0.0,0.0
8.370000000000001,-0.493420870027185,0.0,0.0,0.0869790690351199,0.0,0.0
8.38,-0.502093961128396,0.0,0.0,0.0864813074715221,0.0,0.0
8.39,-0.510716843251905,0.0,0.0,0.0859748978492448,0.0,0.0
8.4,-0.519288654116685,0.0,0.0,0.085459890808828,0.0,0.0
8.41,-0.527808536548792,0.0,0.0,0.0849363378505467,0.0,0.0
8.42,-0.536275638567084,0.0,0.0,0.0844042913292604,0.0,0.0
8.43,-0.544689113468413,0.0,0.0,0.0838638044491778,0.0,0.0
8.44,-0.553048119912302,0.0,0.0,0.0833149312585366,0.0,0.0
8.45,-0.561351822005071,0.0,0.0,0.0827577266441984,0.0,0.0
8.46,-0.569599389383433,0.0,0.0,0.0821922463261602,0.0,0.0
8.47,-0.57778999729752,0.0,0.0,0.0816185468519828,0.0,0.0
8.48,-0.585922826693367,0.0,0.0,0.0810366855911354,0.0,0.0
8.49,-0.593997064294812,0.0,0.0,0.0804467207292593,0.0,0.0
8.5,-0.602011902684823,0.0,0.0,0.079848711262349,0.0,0.0
8.51,-0.609966540386241,0.0,0.0,0.0792427169908528,0.0,0.0
8.52,-0.617860181941924,0.0,0.0,0.0786287985136929,0.0,0.0
8.53,-0.625692037994295,0.0,0.0,0.0780070172222054,0.0,0.0
8.540000000000001,-0.633461325364276,0.0,0.0,0.0773774352940012,0.0,0.0
8.55,-0.641167267129601,0.0,0.0,0.0767401156867487,0.0,0.0
8.56,-0.648809092702518,0.0,0.0,0.0760951221318774,0.0,0.0
8.57,-0.656386037906838,0.0,0.0,0.0754425191282053,0.0,0.0
8.58,-0.6638973450543529,0.0,0.0,0.0747823719354889,0.0,0.0
8.59,-0.671342263020608,0.0,0.0,0.0741147465678975,0.0,0.0
8.6,-0.6787200473200119,0.0,0.0,0.0734397097874113,0.0,0.0
8.61,-0.6860299601802821,0.0,0.0,0.0727573290971459,0.0,0.0
8.620000000000001,-0.693271270616225,0.0,0.0,0.0720676727346016,0.0,0.0
8.63,-0.7004432545028281,0.0,0.0,0.0713708096648402,0.0,0.0
8.64,-0.707545194647683,0.0,0.0,0.0706668095735878,0.0,0.0
8.65,-0.714576380862691,0.0,0.0,0.0699557428602668,0.0,0.0
8.66,-0.721536110035092,0.0,0.0,0.069237680630956,0.0,0.0
8.67,-0.728423686197768,0.0,0.0,0.06851269469128,0.0,0.0
8.68,-0.735238420598841,0.0,0.0,0.0677808575392286,0.0,0.0
8.69,-0.7419796317705509,0.0,0.0,0.0670422423579072,0.0,0.0
8.700000000000001,-0.748646645597399,0.0,0.0,0.0662969230082182,0.0,0.0
8.71,-0.755238795383557,0.0,0.0,0.0655449740214757,0.0,0.0
8.72,-0.7617554219195399,0.0,0.0,0.0647864705919517,0.0,0.0
8.73,-0.7681958735481249,0.0,0.0,0.0640214885693571,0.0,0.0
8.74,-0.7745595062295161,0.0,0.0,0.0632501044512566,0.0,0.0
8.75,-0.7808456836057489,0.0,0.0,0.0624723953754192,0.0,0.0
8.76,-0.7870537770643229,0.0,0.0,0.0616884391121044,0.0,0.0
8.77,-0.793183165801067,0.0,0.0,0.0608983140562853,0.0,0.0
8.78,-0.799233236882215,0.0,0.0,0.060102099219809,0.0,0.0
8.790000000000001,-0.805203385305701,0.0,0.0,0.0592998742234955,0.0,0.0
8.8,-0.8110930140616559,0.0,0.0,0.0584917192891761,0.0,0.0
8.81,-0.8169015341921131,0.0,0.0,0.0576777152316708,0.0,0.0
8.82,-0.8226283648499,0.0,0.0,0.0568579434507069,0.0,0.0
8.83,-0.828272933356724,0.0,0.0,0.0560324859227794,0.0,0.0
8.84,-0.833834675260437,0.0,0.0,0.0552014251929532,0.0,0.0
8.85,-0.839313034391483,0.0,0.0,0.0543648443666088,0.0,0.0
8.86,-0.844707462918516,0.0,0.0,0.0535228271011316,0.0,0.0
8.870000000000001,-0.850017421403179,0.0,0.0,0.0526754575975463,0.0,0.0
8.88,-0.8552423788540451,0.0,0.0,0.0518228205920975,0.0,0.0
8.89,-0.8603818127797259,0.0,0.0,0.050965001347775,0.0,0.0
8.9,-0.8654352092411121,0.0,0.0,0.0501020856457884,0.0,0.0
8.91,-0.870402062902767,0.0,0.0,0.0492341597769889,0.0,0.0
8.92,-0.875281877083464,0.0,0.0,0.04836131053324,0.0,0.0
8.93,-0.8800741638058519,0.0,0.0,0.0474836251987387,0.0,0.0
8.94,-0.8847784438452521,0.0,0.0,0.0466011915412871,0.0,0.0
8.950000000000001,-0.8893942467775819,0.0,0.0,0.0457140978035154,0.0,0.0
8.96,-0.893921111026392,0.0,0.0,0.0448224326940584,0.0,0.0
8.97,-0.8983585839090311,0.0,0.0,0.043926285378684,0.0,0.0
8.98,-0.9027062216819091,0.0,0.0,0.0430257454713768,0.0,0.0
8.99,-0.906963589584872,0.0,0.0,0.0421209030253772,0.0,0.0
9.0,-0.911130261884677,0.0,0.0,0.0412118485241756,0.0,0.0
9.01,-0.915205821917565,0.0,0.0,0.0402986728724647,0.0,0.0
9.02,-0.9191898621309311,0.0,0.0,0.0393814673870487,0.0,0.0
9.03,-0.9230819841240739,0.0,0.0,0.0384603237877118,0.0,0.0
9.04,-0.926881798688036,0.0,0.0,0.0375353341880461,0.0,0.0
9.05,-0.9305889258445279,0.0,0.0,0.0366065910862411,0.0,0.0
9.06,-0.9342029948839239,0.0,0.0,0.0356741873558328,0.0,0.0
9.07,-0.9377236444023309,0.0,0.0,0.0347382162364174,0.0,0.0
9.08,-0.941150522337732,0.0,0.0,0.0337987713243267,0.0,0.0
9.09,-0.9444832860051889,0.0,0.0,0.0328559465632692,0.0,0.0
9.1,-0.947721602131111,0.0,0.0,0.0319098362349352,0.0,0.0
9.11,-0.950865146886587,0.0,0.0,0.0309605349495691,0.0,0.0
9.12,-0.9539136059197589,0.0,0.0,0.0300081376365083,0.0,0.0
9.13,-0.9568666743872629,0.0,0.0,0.0290527395346907,0.0,0.0
9.14,-0.959724056984716,0.0,0.0,0.0280944361831301,0.0,0.0
9.15,-0.9624854679762369,0.0,0.0,0.0271333234113632,0.0,0.0
9.16,-0.965150631223029,0.0,0.0,0.0261694973298662,0.0,0.0
9.17,-0.967719280210989,0.0,0.0,0.0252030543204441,0.0,0.0
9.18,-0.970191158077357,0.0,0.0,0.0242340910265923,0.0,0.0
9.19,-0.972566017636407,0.0,0.0,0.023262704343833,0.0,0.0
9.2,-0.974843621404164,0.0,0.0,0.0222889914100245,0.0,0.0
9.21,-0.977023741622146,0.0,0.0,0.0213130495956494,0.0,0.0
9.22,-0.97910616028015,0.0,0.0,0.0203349764940755,0.0,0.0
9.23,-0.981090669138045,0.0,0.0,0.019354869911798,0.0,0.0
9.24,-0.982977069746599,0.0,0.0,0.0183728278586583,0.0,0.0
9.25,-0.984765173467323,0.0,0.0,0.0173889485380433,0.0,0.0
9.26,-0.986454801491336,0.0,0.0,0.0164033303370653,0.0,0.0
9.27,-0.988045784857242,0.0,0.0,0.015416071816723,0.0,0.0
9.28,-0.9895379644680311,0.0,0.0,0.0144272717020457,0.0,0.0
9.29,-0.990931191106986,0.0,0.0,0.0134370288722207,0.0,0.0
9.3,-0.992225325452603,0.0,0.0,0.0124454423507061,0.0,0.0
9.31,-0.993420238092527,0.0,0.0,0.0114526112953277,0.0,0.0
9.32,-0.994515809536489,0.0,0.0,0.0104586349883635,0.0,0.0
9.33,-0.9955119302282569,0.0,0.0,0.009463612826616,0.0,0.0
9.34,-0.996408500556593,0.0,0.0,0.0084676443114721,0.0,0.0
9.35,-0.9972054308652121,0.0,0.0,0.0074708290389534,0.0,0.0
9.36,-0.9979026414617451,0.0,0.0,0.0064732666897565,0.0,0.0
9.37,-0.998500062625715,0.0,0.0,0.0054750570192849,0.0,0.0
9.38,-0.998997634615503,0.0,0.0,0.004476299847674,0.0,0.0
9.39,-0.999395307674325,0.0,0.0,0.0034770950498086,0.0,0.0
9.4,-0.9996930420352059,0.0,0.0,0.0024775425453357,0.0,0.0
9.41,-0.999890807924958,0.0,0.0,0.001477742288673,0.0,0.0
9.42,-0.999988585567158,0.0,0.0,0.0004777942590128,0.0,0.0
9.43,-0.9999863651841211,0.0,0.0,-0.000522201549675,0.0,0.0
9.44,-0.999884146997886,0.0,0.0,-0.0015221451386431,0.0,0.0
9.45,-0.999681941230185,0.0,0.0,-0.002521936514366,0.0,0.0
9.46,-0.999379768101426,0.0,0.0,-0.0035214756985389,0.0,0.0
9.47,-0.9989776578286701,0.0,0.0,-0.0045206627380764,0.0,0.0
9.48,-0.998475650622611,0.0,0.0,-0.0055193977151074,0.0,0.0
9.49,-0.9978737966835489,0.0,0.0,-0.0065175807569663,0.0,0.0
9.5,-0.997172156196378,0.0,0.0,-0.0075151120461809,0.0,0.0
9.51,-0.996370799324561,0.0,0.0,-0.0085118918304534,0.0,0.0
9.52,-0.995469806203118,0.0,0.0,-0.009507820432636,0.0,0.0
9.53,-0.994469266930611,0.0,0.0,-0.0105027982606986,0.0,0.0
9.54,-0.9933692815601309,0.0,0.0,-0.0114967258176876,0.0,0.0
9.55,-0.9921699600893009,0.0,0.0,-0.0124895037116752,0.0,0.0
9.56,-0.990871422449267,0.0,0.0,-0.0134810326656995,0.0,0.0
9.57,-0.989473798492712,0.0,0.0,-0.0144712135276914,0.0,0.0
9.58,-0.9879772279808661,0.0,0.0,-0.0154599472803898,0.0,0.0
9.59,-0.986381860569534,0.0,0.0,-0.0164471350512435,0.0,0.0
9.6,-0.984687855794127,0.0,0.0,-0.0174326781222979,0.0,0.0
9.61,-0.982895383053711,0.0,0.0,-0.0184164779400673,0.0,0.0
9.62,-0.981004621594066,0.0,0.0,-0.0193984361253898,0.0,0.0
9.63,-0.979015760489763,0.0,0.0,-0.020378454483265,0.0,0.0
9.64,-0.976928998625255,0.0,0.0,-0.0213564350126738,0.0,0.0
9.65,-0.974744544674989,0.0,0.0,-0.0223322799163783,0.0,0.0
9.66,-0.97246261708254,0.0,0.0,-0.0233058916107014,0.0,0.0
9.67,-0.970083444038766,0.0,0.0,-0.0242771727352849,0.0,0.0
9.68,-0.9676072634589881,0.0,0.0,-0.0252460261628258,0.0,0.0
9.69,-0.9650343229592,0.0,0.0,-0.0262123550087886,0.0,0.0
9.7,-0.962364879831309,0.0,0.0,-0.0271760626410944,0.0,0.0
9.71,-0.9595992010174039,0.0,0.0,-0.0281370526897825,0.0,0.0
9.72,-0.95673756308306,0.0,0.0,-0.029095229056649,0.0,0.0
9.73,-0.953780252189686,0.0,0.0,-0.0300504959248559,0.0,0.0
9.74,-0.950727564065908,0.0,0.0,-0.0310027577685123,0.0,0.0
9.75,-0.947579803977993,0.0,0.0,-0.0319519193622273,0.0,0.0
9.76,-0.944337286699328,0.0,0.0,-0.0328978857906327,0.0,0.0
9.77,-0.941000336478937,0.0,0.0,-0.0338405624578738,0.0,0.0
9.78,-0.9375692870090641,0.0,0.0,-0.0347798550970695,0.0,0.0
9.79,-0.9340444813917941,0.0,0.0,-0.0357156697797387,0.0,0.0
9.8,-0.930426272104753,0.0,0.0,-0.0366479129251928,0.0,0.0
9.81,-0.9267150209658539,0.0,0.0,-0.0375764913098942,0.0,0.0
9.82,-0.922911099097119,0.0,0.0,-0.0385013120767782,0.0,0.0
9.83,-0.919014886887564,0.0,0.0,-0.0394222827445389,0.0,0.0
9.84,-0.9150267739551631,0.0,0.0,-0.0403393112168769,0.0,0.0
9.85,-0.910947159107887,0.0,0.0,-0.0412523057917092,0.0,0.0
9.86,-0.90677645030382,0.0,0.0,-0.0421611751703392,0.0,0.0
9.87,-0.902515064610367,0.0,0.0,-0.0430658284665864,0.0,0.0
9.88,-0.898163428162546,0.0,0.0,-0.043966175215875,0.0,0.0
9.89,-0.8937219761203761,0.0,0.0,-0.0448621253842803,0.0,0.0
9.9,-0.889191152625361,0.0,0.0,-0.0457535893775321,0.0,0.0
9.91,-0.884571410756072,0.0,0.0,-0.046640478049974,0.0,0.0
9.92,-0.8798632124828489,0.0,0.0,-0.0475227027134779,0.0,0.0
9.93,-0.875067028621594,0.0,0.0,-0.0484001751463126,0.0,0.0
9.94,-0.870183338786697,0.0,0.0,-0.049272807601966,0.0,0.0
9.95,-0.8652126313430709,0.0,0.0,-0.0501405128179199,0.0,0.0
9.96,-0.860155403357319,0.0,0.0,-0.0510032040243754,0.0,0.0
9.97,-0.855012160548026,0.0,0.0,-0.051860794952931,0.0,0.0
9.98,-0.8497834172351849,0.0,0.0,-0.0527131998452086,0.0,0.0
9.99,-0.844469696288772,0.0,0.0,-0.0535603334614291,0.0,0.0
